[
    {
        "eventHeader": "Дискотека!",
        "eventNumber": 0,
        "event": "Приятелите ти предлагат да отидете на дискотека довечера...",
        "options": [
            {
                "text": "Окей, правим го",
                "statsChange": {
                    "fun": 5,
                    "health": -3,
                    "uni": -3
                },
                "response": "Разбихте се в Illuzion, направи се на мотика..."
            },
            {
                "text": "Може някой друг път...",
                "statsChange": {
                    "fun": -3,
                    "health": 2,
                    "uni": 3
                },
                "response": "Обещаваш някой друг път да излезеш с тях, но днес не ти се ходи."
            }
        ]
    },
    {
        "eventHeader": "Фитнес!",
        "eventNumber": 1,
        "event": "Съквартирантът ти предложи да отидете на фитнес по-късно...",
        "options": [
            {
                "text": "Оо, хайде да се нацепим",
                "statsChange": {
                    "fun": 1,
                    "health": 5,
                    "uni": -3
                },
                "response": "Отиде на фитнес и сега се чувстваш по-добре."
            },
            {
                "text": "Ще го отложим",
                "statsChange": {
                    "fun": 2,
                    "health": -3,
                    "uni": 4
                },
                "response": "Отлагаш фитнеса за друг път..."
            }
        ]
    },
    {
        "eventHeader": "Цигарка!",
        "eventNumber": 0,
        "event": "Аверът предлага да излезете навън и да изпушите по една цигарка...",
        "options": [
            {
                "text": "Пас",
                "statsChange": {
                    "fun": -2,
                    "health": 2,
                    "uni": 0
                },
                "response": "Никога не си харесвал миризмата на цигарени дим, отказваш."
            },
            {
                "text": "Аре",
                "statsChange": {
                    "fun": 2,
                    "health": -4,
                    "uni": -1
                },
                "response": "Не беше пушил досега, но е по-добре отколкото очакваше."
            }
        ]
    }
]