{
    "Общежитие": [
        {
            "event": "Игра на CS",
            "statsChange": {
                "fun": 5,
                "health": -2,
                "uni": -3
            }
        },
        {
            "event": "Учене",
            "statsChange": {
                "fun": -3,
                "health": -1,
                "uni": 3
            }
        }
    ],
    "ФМИ": [
        {
            "event": "Посещаване на  лекция",
            "statsChange": {
                "fun": -3,
                "health": -1,
                "uni": 3
            }
        },
        {
            "event": "Посещаване на упражнение",
            "statsChange": {
                "fun": -2,
                "health": -1,
                "uni": 3
            }
        },
        {
            "event": "Игри в зала 100",
            "statsChange": {
                "fun": 4,
                "health": 0,
                "uni": -2
            }
        }
    ]
}