{
    "Общежитие": [
        {
            "event": "Игра на CS",
            "statsChange": {
                "fun": 5,
                "health": -2,
                "uni": -3
            }
        },
        {
            "event": "Учене",
            "statsChange": {
                "fun": -3,
                "health": 0,
                "uni": 4
            }
        },
        {
            "event": "Игра на белот",
            "statsChange": {
                "fun": 4,
                "health": 1,
                "uni": -4
            }
        }
    ],
    "ФМИ": [
        {
            "event": "Посещаване на  лекция",
            "statsChange": {
                "fun": -3,
                "health": 0,
                "uni": 5
            }
        },
        {
            "event": "Посещаване на упражнение",
            "statsChange": {
                "fun": 0,
                "health": 0,
                "uni": 4
            }
        },
        {
            "event": "Игри в зала 100",
            "statsChange": {
                "fun": 4,
                "health": 2,
                "uni": -1
            }
        },
        {
            "event": "Учене на петия етаж",
            "statsChange": {
                "fun": -2,
                "health": -1,
                "uni": 3
            }
        }
    ],
    "Дискотеки": [
        {
            "event": "Illuzion",
            "statsChange": {
                "fun": 5,
                "health": -8,
                "uni": -5
            }
        }
    ]
}