{
    "ФМИ": {
        "Посещаване на лекция": [
            {
                "eventHeader": "Имате ли въпроси?",
                "eventNumber": 0,
                "event": "Проф. Каспарян пита дали има нужда да разясни написаното на 2-те дъски...",
                "options": [
                    {
                        "text": "Нищо не е ясно",
                        "statsChange": {
                            "fun": -6,
                            "health": -2,
                            "uni": 3
                        },
                        "response": "Решаваш се да попиташ проф. Каспарян. Еми пак не разбра!"
                    },
                    {
                        "text": "Всичко е ясно",
                        "statsChange": {
                            "fun": 2,
                            "health": 0,
                            "uni": -2
                        },
                        "response": "Само така си мислиш..."
                    }
                ]
            },
            {
                "eventHeader": "Времето минава!",
                "eventNumber": 1,
                "event": "Докато си водиш записки изведнъж ти прави впечатление, че останахте 20-тина човека на лекции...",
                "options": [
                    {
                        "text": "Хммм",
                        "statsChange": {
                            "fun": 0,
                            "health": 0,
                            "uni": 2
                        },
                        "response": "Всеки си решава сам за себе си... но за някои колеги явно ще е тежка сесия..."
                    }
                ]    
            },
            {
                "eventHeader": "Всичко е ясно!",
                "eventNumber": 2,
                "event": "По време на лекция доц. Марков пита дали написаното на дъската е ясно. Той очаква повече хора да вдигнат ръце...",
                "options": [
                    {
                        "text": "Вдигам ръка",
                        "statsChange": {
                            "fun": -8,
                            "health": -2,
                            "uni": -2
                        },
                        "response": "Доц. Марков тържествува и ти дава думата. Оглеждаш се - само ти си вдигнал ръка. Отговаряш грешно и разочароваш доцента..."
                    },
                    {
                        "text": "Въздържам се",
                        "statsChange": {
                            "fun": 0,
                            "health": 0,
                            "uni": 2
                        },
                        "response": "Доцентът не е очарован - никой не се престрашава да вдигне ръка."
                    }
                ]    
            }
        ],
        "Посещаване на упражнение": [
            {
                "eventHeader": "Грубичко!", 
                "eventNumber": 3,
                "event": "Асистентът се бъзика с колежка - казва й, че след година ще запише в УНСС!",
                "options": [
                    {
                        "text": "Всъщност е вярно",
                        "statsChange": {
                            "fun": 3,
                            "health": 0,
                            "uni": 0
                        },
                        "response": "Грубо е, но се смееш на простотията на асистента."
                    },
                    {
                        "text": "Става ти жал",
                        "statsChange": {
                            "fun": -3,
                            "health": 2,
                            "uni": 0
                        },
                        "response": "Тя просто не го заслужава..."
                    }
                ]
            },
            {
                "eventHeader": "Скука!", 
                "eventNumber": 4,
                "event": "В час по УП си готов с поставените задачи и се чудиш какво да правиш още...",
                "options": [
                    {
                        "text": "Пускаш си GeoGuessr",
                        "statsChange": {
                            "fun": 2,
                            "health": 0,
                            "uni": -2
                        },
                        "response": "Асистентът не те забелязва и ти успешно подобри предишния си рекорд."
                    },
                    {
                        "text": "Говориш си със съседчето",
                        "statsChange": {
                            "fun": 0,
                            "health": -2,
                            "uni": 3
                        },
                        "response": "Асистентът ти прави забележка да спреш, за да не те изгони!"
                    }
                ]
            }
        ],
        "Цигарка преди ФМИ": [
            {
                "eventHeader": "Кратка разходка!",
                "eventNumber": 5,
                "event": "Допушвайки си цигарата, решавап да отскочиш за освежаваща напитка...",
                "options": [
                    {
                        "text": "Monster от 'Аванти'",
                        "statsChange": {
                            "fun": -2,
                            "health": -3,
                            "uni": 2
                        },
                        "response": "Даваш банкнота от 10 лева в магазина и получаваш мъмрене!"
                    },
                    {
                        "text": "Фреш от био-магазина",
                        "statsChange": {
                            "fun": 0,
                            "health": 3,
                            "uni": 0
                        },
                        "response": "Продавачът те зарежда с позитивна енергия."
                    }
                ]
            }
        ]
    },
    "Общежитие": {
        "Учене": [
            {
                "eventHeader": "Предложение!",
                "eventNumber": 6,
                "event": "Съквартирантът пак му се въртят машинки. Предлага ти да си направите една 'разходка' до efbet...",
                "options": [
                    {
                        "text": "Защо не?",
                        "statsChange": {
                            "fun": -4,
                            "health": -2,
                            "uni": -2
                        },
                        "response": "Късметът ти изневери - без да се усетиш профука 50 лева на ротативките."
                    },
                    {
                        "text": "По-добре не",
                        "statsChange": {
                            "fun": 0,
                            "health": 0,
                            "uni": 2
                        },
                        "response": "Сметна, че е по-добре да не си губиш времето и парите."
                    }
                ]
            },
            {
                "eventHeader": "Глад!",
                "eventNumber": 7,
                "event": "От толкова четене на доказателствата започна да огладняваш сериозно...",
                "options": [
                    {
                        "text": "Пица от Dominos",
                        "statsChange": {
                            "fun": 0,
                            "health": -3,
                            "uni": 0
                        },
                        "response": "След 40 минути тичаш надолу по стълбите и вече предвкусваш вечерята..."
                    },
                    {
                        "text": "Отивам на стол",
                        "statsChange": {
                            "fun": -2,
                            "health": -2,
                            "uni": 0
                        },
                        "response": "Не е вкусно като пица, ама не ти се даваха 10 лева..."
                    }
                ]
            },
            {
                "eventHeader": "Глад!",
                "eventNumber": 8,
                "event": "От толкова четене на доказателствата започна да огладняваш сериозно...",
                "options": [
                    {
                        "text": "Пица от Dominos",
                        "statsChange": {
                            "fun": 0,
                            "health": 0,
                            "uni": 0
                        },
                        "response": "След 40 минути тичаш надолу по стълбите и вече предвкусваш вечерята..."
                    },
                    {
                        "text": "Отивам на стол",
                        "statsChange": {
                            "fun": -2,
                            "health": -2,
                            "uni": 0
                        },
                        "response": "Не е вкусно като пица, ама не ти се даваха 10 лева..."
                    }
                ]
            }
        ],
        "Игра на CS": [
            {
                "eventHeader": "Тревога!",
                "eventNumber": 9,
                "event": "Чуваш алармата за пожар в коридора! Какво ще направиш...",
                "options": [
                    {
                        "text": "Сега ли бее!",
                        "statsChange": {
                            "fun": -3,
                            "health": 0,
                            "uni": 0
                        },
                        "response": "След като алармата не спря повече от минута, решаваш да зарежеш всичко и да излезеш. Оказва се фалшива тревога!"
                    },
                    {
                        "text": "Сигурно някой пуши",
                        "statsChange": {
                            "fun": 0,
                            "health": 0,
                            "uni": 0
                        },
                        "response": "Решаваш, че е фалшива тревога и няма да си прекъсваш играта... Тревогата обаче е съвсем истинска - пиромани са подпалили блока! Твърде късно разбираш, че си направил фатална грешка..."
                    }
                ]
            }
        ]
    },
    "Дискотеки": {
        "Illuzion": [
            {
                "eventHeader": "Смях!",
                "eventNumber": 10,
                "event": "Докато си танцуваш, едно момиче идва и ти предлага балон с райски газ...",
                "options": [
                    {
                        "text": "Приемам",
                        "statsChange": {
                            "fun": 8,
                            "health": -4,
                            "uni": 0
                        },
                        "response": "Градусът на настроението се вдига още повече. Главата ти е в облаците..."
                    },
                    {
                        "text": "Отказвам",
                        "statsChange": {
                            "fun": 2,
                            "health": 2,
                            "uni": 0
                        },
                        "response": "Нямаш нужда от райски газ, и така ти е добре, пък и не ти се дават пари за глупости."
                    }
                ]
            }
        ],
        "EXE": [
            {
                "eventHeader": "Избори!",
                "eventNumber": 11,
                "event": "В тази дискотека има доста възможности за забавление. Избери си някоя...",
                "options": [
                    {
                        "text": "Аркадни игри",
                        "statsChange": {
                            "fun": 5,
                            "health": -2,
                            "uni": -3
                        },
                        "response": "Хващаш си аверче и разцъквате Street Fighter."
                    },
                    {
                        "text": "Колелото на късмета",
                        "statsChange": {
                            "fun": 8,
                            "health": -1,
                            "uni": -3
                        },
                        "response": "С една мацка решавате да се заиграете..."
                    },
                    {
                        "text": "Разпускане на диванче",
                        "statsChange": {
                            "fun": 3,
                            "health": 0,
                            "uni": -3
                        },
                        "response": "Няма лошо да си направиш една почивка от танците..."
                    }
                ]
            }
        ]
    }
}