{
    "ФМИ": {
        "Посещаване на лекция": [
            {
                "eventHeader": "Спешно!", 
                "eventNumber": 0,
                "event": "По време на лекцията на доц. Марков изведнъж те срязва корема! Изборът е труден...",
                "options": [
                    {
                        "text": "Бързо към WC!",
                        "statsChange": {
                            "fun": -3,
                            "health": 2,
                            "uni": -3
                        },
                        "response": "Доц. Марков те изгледа злобно, докато се измъкваш от лекция. За щастие тъкмо навреме - още 2 минутки и щеше да е фатално."
                    },
                    {
                        "text": "Ще изчакам междучасието...",
                        "statsChange": {
                            "fun": -25,
                            "health": -3,
                            "uni": -5
                        },
                        "response": "Ами не го дочака. Стана за смях пред целия поток, публикуваха те в СУпичка..."
                    }
                ]
            },
            {
                "eventHeader": "Свалка!",
                "eventNumber": 1,
                "event": "Колежката от задния ред е доста готина. Всъщност тя май се закача с теб...",
                "options": [
                    {
                        "text": "Местя се до нея",
                        "statsChange": {
                            "fun": 5,
                            "health": 2,
                            "uni": -6
                        },
                        "response": "До края на лекцията си говорите, изпусна лекцията, но пък може да излезе нещо *wink wink*"
                    },
                    {
                        "text": "Игнорирам я",
                        "statsChange": {
                            "fun": -5,
                            "health": -2, 
                            "uni": 4
                        },
                        "response": "Много си смотан..."
                    }
                ]
            },
            {
                "eventHeader": "Неприятност!",
                "eventNumber": 2,
                "event": "Закъсняваш за лекция по ДСТР. Познавайки доц. Марков...",
                "options": [
                    {
                        "text": "Искам да слушам лекцията.",
                        "statsChange": {
                            "fun": -2,
                            "health": 0,
                            "uni": 4
                        },
                        "response": "Опитваш се да влезеш през задния вход на зала 325. Късмет - отключено е! Сядаш тихичко отзад - поне не те овикаха."
                    },
                    {
                        "text": "Като знам какво ме чака...",
                        "statsChange": {
                            "fun": 0,
                            "health": 2,
                            "uni": 0
                        },
                        "response": "Играеш на сигурно. Изчакваш междучасието."
                    }
                ]
            }, 
            {
                "eventHeader": "Неприятност!",
                "eventNumber": 3,
                "event": "Закъсняваш за лекция по ДСТР. Познавайки доц. Марков...",
                "options": [
                    {
                        "text": "Искам да слушам лекцията.",
                        "statsChange": {
                            "fun": -5,
                            "health": -3,
                            "uni": -3
                        },
                        "response": "Опитваш се да влезеш през задния вход на зала 325. Заключено! Влизаш през главния вход и доц. Марков ти хвърля унищожителен поглед!"
                    },
                    {
                        "text": "Като знам какво ме чака...",
                        "statsChange": {
                            "fun": 0,
                            "health": 2,
                            "uni": 0
                        },
                        "response": "Играеш на сигурно. Изчакваш междучасието."
                    }
                ]    
            },
            {
                "eventHeader": "Шегичка!",
                "eventNumber": 4,
                "event": "Проф. Рибарска решава да разведри строгата академична атмосфера с една шегичка...",
                "options": [
                    {
                        "text": "О не!",
                        "statsChange": {
                            "fun": 2,
                            "health": -1,
                            "uni": 0
                        },
                        "response": "В: Как правят любов алгебриците и аналитиците? \n O: Алгебриците - по групи и по полета, аналитиците - smooth and continuous!"
                    }
                ]    
            },
            {
                "eventHeader": "Мини-контролно!",
                "eventNumber": 5,
                "event": "Доц. Ангелова ви съобщава, че в началото на следващия час ще направите мини-контролно...",
                "options": [
                    {
                        "text": "Хайде не!",
                        "statsChange": {
                            "fun": 2,
                            "health": 0,
                            "uni": -4
                        },
                        "response": "Решаваш, че не ти се прави контролно 3-тата седмица. През междучасието деликатно се измъкваш..."
                    },
                    {
                        "text": "Ще се пробвам!",
                        "statsChange": {
                            "fun": -2,
                            "health": 0,
                            "uni": 2
                        },
                        "response": "Понаправи малко, пак беше полезно..."
                    }
                ]    
            }
        ],
        "Посещаване на упражнение": [
            {
                "eventHeader": "Възможност!", 
                "eventNumber": 6,
                "event": "Асистентът предлага да си ходите: 'Ако нямате въпроси, искате ли да свършим по-рано?'",
                "options": [
                    {
                        "text": "Супер, хайде!",
                        "statsChange": {
                            "fun": 3,
                            "health": 1,
                            "uni": -2
                        },
                        "response": "От този ден нататък асистентът ти стана доста по-симпатичен."
                    },
                    {
                        "text": "Всъщност имам един въпрос...",
                        "statsChange": {
                            "fun": -4,
                            "health": -3,
                            "uni": 2
                        },
                        "response": "Отговорът на асистента беше прекалено изчерпателен, в крайна сметка си изкарахте часа..."
                    }
                ]
            },
            {
                "eventHeader": "Свиквай!",
                "eventNumber": 7,
                "event": "Асистентът закъснява вече 15 минути...",
                "options": [
                    {
                        "text": "Бива, бива, ама...",
                        "statsChange": {
                            "fun": 3,
                            "health": 0,
                            "uni": -2
                        },
                        "response": "Не за първи път го чакаш! Спасението е един Dixit в зала 100."
                    },
                    {
                        "text": "Ще го изчакам",
                        "statsChange": {
                            "fun": -4,
                            "health": -2,
                            "uni": -2
                        },
                        "response": "Изключително несериозно! Той просто не дойде..."
                    }
                ]
            },
            {
                "eventHeader": "Свиквай!",
                "eventNumber": 8,
                "event": "Асистентът закъснява вече 15 минути...",
                "options": [
                    {
                        "text": "Аман вече!",
                        "statsChange": {
                            "fun": 2,
                            "health": -1,
                            "uni": -2
                        },
                        "response": "Решаваш да си тръгнеш и да се прибереш в общежитието по-рано."
                    },
                    {
                        "text": "Чакам го с колегите",
                        "statsChange": {
                            "fun": -1,
                            "health": -1,
                            "uni": 2
                        },
                        "response": "В крайна сметка дойде и си изкарахте упражнението."
                    }
                ]
            }
        ],
        "Игри в зала 100": [
            {
                "eventHeader": "Облог!",
                "eventNumber": 9,
                "event": "Понеже често разцъкваш шах, един колега ти предлага да изиграете една партия със залог...",
                "options": [
                    {
                        "text": "Приемам",
                        "statsChange": {
                            "fun": -5,
                            "health": -5,
                            "uni": 0
                        },
                        "response": "Опонентът ти е значително по-добър, загуби 20 лева, напрегна се и обърна масата."
                    },
                    {
                        "text": "Отказвам",
                        "statsChange": {
                            "fun": 0,
                            "health": 0,
                            "uni": 0
                        },
                        "response": "Опонентът ти се подсмихва и се съгласява да го отложите за друг път."
                    }
                ]
            }
        ]
    },
    "Общежитие": {
        "Учене": [
            {
                "eventHeader": "Досада!",
                "eventNumber": 10,
                "event": "Посред нощ е, опитваш се да четеш, а хората от горния етаж са си устройли шумно парти...",
                "options": [
                    {
                        "text": "Моля ги да са по-тихи",
                        "statsChange": {
                            "fun": -2,
                            "health": -2,
                            "uni": -2
                        },
                        "response": "Намалят музиката, но продължаваш да я чуваш..."
                    },
                    {
                        "text": "Звъниш на портиера",
                        "statsChange": {
                            "fun": 3,
                            "health": 0,
                            "uni": 3
                        },
                        "response": "Портиерът заплашва компанията горе, че ще извика полицията. Купонът свърши!"
                    }
                ]
            }
        ],
        "Игра на CS": [
            {
                "eventHeader": "Не ти върви!",
                "eventNumber": 11,
                "event": "Влизаш в серия от 3 поредни загуби...",
                "options": [
                    {
                        "text": "Стига толкова",
                        "statsChange": {
                            "fun": -4,
                            "health": -2,
                            "uni": 0
                        },
                        "response": "Реши да си спестиш нервите и просто да си починеш малко."
                    },
                    {
                        "text": "Хайде още една",
                        "statsChange": {
                            "fun": -6,
                            "health": -4,
                            "uni": 0
                        },
                        "response": "Един от съотборниците ти напуска играта, а друг псува на руски в чата - поредната загубена игра!"
                    }
                ]
            }
        ]
    },
    "Дискотеки": {
        "Illuzion": [
            {
                "eventHeader": "Бой!",
                "eventNumber": 13,
                "event": "Момчета от съседната маса започват да се изнервят на компанията ти...",
                "options": [
                    {
                        "text": "Аре бе, палячо",
                        "statsChange": {
                            "fun": -4,
                            "health": -6,
                            "uni": -2
                        },
                        "response": "Сбивате се в клуба като долни пияници, охраната ви изхвърля вкупом."
                    },
                    {
                        "text": "Спокойно, момчета",
                        "statsChange": {
                            "fun": -2,
                            "health": -1,
                            "uni": 0
                        },
                        "response": "Черпиш двете маси, за да успокоиш страстите. Боят се размина..."
                    }
                ]
            }
        ]
    }
}