[
    {
        "eventHeader": "Привет!",
        "event": "Добре дошъл в семестралния симулатор на ФМИ! Моля, регистрирай се в moodle.",
        "options": [
            {
                "text": "Добре",
                "skip": 0,
                "statsChange": {
                    "fun": 0,
                    "health": 0,
                    "uni": 0
                }
            }
        ]
    },
    {
        "eventHeader": "Статистики!",
        "event": "В moodle можеш да следиш статистиките си. Основните са три - живот, социален живот и успехи. Ако стойността на някоя от първите две достигне 0 или пък успехите ти не преминат 60% до края на семестъра - губиш играта.",
        "options": [
            {
                "text": "Супер",
                "skip": 0,
                "statsChange": {
                    "fun": 0,
                    "health": 0,
                    "uni": 0
                }
            }
        ]
    },
    {
        "eventHeader": "Събитие!",
        "event": "Преди началото на семестъра има специално събитие - Freshers' Weekend. Желаеш ли да го посетиш?",
        "options": [
            {
                "text": "Разбира се",
                "skip": 0,
                "statsChange": {
                    "fun": 1,
                    "health": 1,
                    "uni": 0
                },
                "response": "Запознаваш се с някои от колегите си. Заедно играете шах и бордови игри в зала 100."
            },
            {
                "text": "Ще пропусна",
                "skip": 1,
                "statsChange": {
                    "fun": 1,
                    "health": 1,
                    "uni": 0
                },
                "response": "Наставяваш се в общежитието си. Не изглежда нищо особено, но пък се запознаваш със съквартиранта си."
            }
        ]
    },
    {
        "eventHeader": "Събитие!",
        "event": "След като събитието привърши, колегите ти предлагат да се съберете вечерта и да отидете в клуб Illuzion. Поради Freshers' Weekend има специална промоция - мега евтина водка.",
        "options": [
            {
                "text": "Не ми се слуша чалга.",
                "skip": 1,
                "statsChange": {
                    "fun": 0,
                    "health": 1,
                    "uni": 0
                },
                "response": "Прибираш се в общежитието си и се запознаваш със съквартиранта си."
            },
            {
                "text": "Само това чаках!",
                "skip": 2,
                "statsChange": {
                    "fun": 2,
                    "health": -1,
                    "uni": 0
                },
                "response": "Вечерта отиваш в Illuzion и се напиваш жестоко. Накрая охраната те изхвърля навън." 
            }
        ]
    },
    {
        "eventHeader": "Събитие!",
        "event": "Съквартирантът се оказа свестен, предлага ти да отидете с компанията му в клуб Illuzion вечерта. Заради Freshers' Weekend имало промоция с водката...",
        "options": [
            {
                "text": "Не ми се слуша чалга.",
                "skip": 2,
                "statsChange": {
                    "fun": 0,
                    "health": 0,
                    "uni": 0
                },
                "response": "Едно момче винаги може да си намери занимание..."
            },
            {
                "text": "Само това чаках!",
                "skip": 1,
                "statsChange": {
                    "fun": 2,
                    "health": -1,
                    "uni": 0
                },
                "response": "Вечерта отиваш в Illuzion и се напиваш жестоко. Накрая охраната те изхвърля навън." 
            }
        ]
    },
    {
        "eventHeader": "Напомняне!",
        "event": "След последната ти вечер за разпускане в близките няколко месеца, идва време за университета...",
        "options": [
            {
                "text": "Еми...",
                "skip": 2,
                "statsChange": {
                    "fun": 0,
                    "health": 0,
                    "uni": 0
                }
            }
        ]
    },
    {
        "eventHeader": "Напомняне!",
        "event": "След снощи те цепи главата супер много, но е време за първата ти лекция.",
        "options": [
            {
                "text": "Охх...",
                "skip": 1,
                "statsChange": {
                    "fun": 0,
                    "health": 0,
                    "uni": 0
                }
            }
        ]
    },
    {
        "eventHeader": "Напомняне!",
        "event": "Снощи пропусна Illuzion, но не си прави илюзии - безгрижното ти време свърши, време е за първата ти лекция.",
        "options": [
            {
                "text": "Почна се...",
                "skip": 0,
                "statsChange": {
                    "fun": 0,
                    "health": 0,
                    "uni": 0
                }
            }
        ]
    }
]