{
    "ФМИ": {
        "Посещаване на лекция": [
            {
                "eventHeader": "Ужас!",
                "eventNumber": 0,
                "event": "Проф. Рибарска приятно изненадва потока и съобщава за теоретичното домашно...",
                "options": [
                    {
                        "text": "Пфф, няма да го правя!",
                        "statsChange": {
                            "fun": 0,
                            "health": 2,
                            "uni": -5
                        },
                        "response": "Домашното не е задължително - решаваш, че няма смисъл и семестърът ти се струва с една идея по-добре."
                    },
                    {
                        "text": "Ще си дам малко зор!",
                        "statsChange": {
                            "fun": -2,
                            "health": -2,
                            "uni": 6
                        },
                        "response": "Приемаш го като интелектуално предизвикателство, а и ще ти помогне по време на сесията."
                    }
                ]    
            },
            {
                "eventHeader": "На косъм!",
                "eventNumber": 1,
                "event": "По време на лекцията по ДИС проф. Рибарска отново е в настроение за публично унижение! Колегата до теб излиза и тя го прави на 5 стотинки. Понечва да те вдигне, но започва междучасието...",
                "options": [
                    {
                        "text": "Дим да ме няма!",
                        "statsChange": {
                            "fun": 2,
                            "health": 2,
                            "uni": -4
                        },
                        "response": "Няма да се подлагаш на това, решаваш да се възползваш от възможността и да офейкаш."
                    },
                    {
                        "text": "Ох, не знам!",
                        "statsChange": {
                            "fun": -2,
                            "health": -2,
                            "uni": 3
                        },
                        "response": "Оставаш и набързо преглеждаш записките. В крайна сметка излизаш, овиква те малко, но успяваш да се справиш!"
                    }
                ]    
            },
            {
                "eventHeader": "Контролно по УП!",
                "eventNumber": 2,
                "event": "Неприятно, но факт! Тази неделя ще бъде първото контролно по УП, а ти беше решил да си пътуваш...",
                "options": [
                    {
                        "text": "Мамка му!",
                        "statsChange": {
                            "fun": -5,
                            "health": -3,
                            "uni": 4
                        },
                        "response": "Това да те лишават от уикендите трябва да се забрани със закон..."
                    }
                ]    
            }
        ],
        "Посещаване на упражнение": [
            {
                "eventHeader": "Възможност!", 
                "eventNumber": 3,
                "event": "Асистентът предлага да си ходите: 'Ако нямате въпроси, искате ли да свършим по-рано?'",
                "options": [
                    {
                        "text": "Супер, хайде!",
                        "statsChange": {
                            "fun": 3,
                            "health": 1,
                            "uni": -2
                        },
                        "response": "От този ден нататък асистентът ти стана доста по-симпатичен."
                    },
                    {
                        "text": "Всъщност имам един въпрос...",
                        "statsChange": {
                            "fun": -4,
                            "health": -3,
                            "uni": 2
                        },
                        "response": "Отговорът на асистента беше прекалено изчерпателен, в крайна сметка си изкарахте часа..."
                    }
                ]
            },
            {
                "eventHeader": "Скука!", 
                "eventNumber": 4,
                "event": "В час по УП си готов с поставените задачи и се чудиш какво да правиш още...",
                "options": [
                    {
                        "text": "Цъкаш си във Фейсбук",
                        "statsChange": {
                            "fun": 3,
                            "health": 0,
                            "uni": -2
                        },
                        "response": "Асистентът те вижда и за назидание те заплашва да ти вземе 'точки'. Много те дразни!"
                    },
                    {
                        "text": "Питаш за още задачи",
                        "statsChange": {
                            "fun": 0,
                            "health": -2,
                            "uni": 3
                        },
                        "response": "Правиш добро впечатление, защото се стараеш. Получаваш бонус 'точки'."
                    }
                ]
            }
        ],
        "Цигарка преди ФМИ": [
            {
                "eventHeader": "Познанство!",
                "eventNumber": 5,
                "event": "Приказваш си с леля Пепи от лафката...",
                "options": [
                    {
                        "text": "Малко ме дразни",
                        "statsChange": {
                            "fun": -3,
                            "health": 0,
                            "uni": 0
                        },
                        "response": "Не можа ли да измисли друг лаф освен 'Дай 5 лева'..."
                    },
                    {
                        "text": "Свежарка",
                        "statsChange": {
                            "fun": 3,
                            "health": 0,
                            "uni": 0
                        },
                        "response": "Мислиш, че е добра компания за по цигарка."
                    }
                ]
            }
        ]
    },
    "Общежитие": {
        "Учене": [
            {
                "eventHeader": "Предложение!",
                "eventNumber": 6,
                "event": "Съквартиранът те ръчка: 'Стига с това учене, дай да отидем на казино'...",
                "options": [
                    {
                        "text": "Хмм, може",
                        "statsChange": {
                            "fun": 5,
                            "health": -3,
                            "uni": -3
                        },
                        "response": "Отивате в близкия efbet и играете на ротативките. Късметът на начинаещия си знае работата - спечели 100 лева!"
                    },
                    {
                        "text": "Друг път",
                        "statsChange": {
                            "fun": -2,
                            "health": 0,
                            "uni": 3
                        },
                        "response": "Сметна, че е по-добре да не си губиш времето и парите - и без това не си играл досега."
                    }
                ]
            },
            {
                "eventHeader": "Досада!",
                "eventNumber": 7,
                "event": "Посред нощ е, опитваш се да четеш, а хората от горния етаж са си устройли шумно парти...",
                "options": [
                    {
                        "text": "Моля ги да са по-тихи",
                        "statsChange": {
                            "fun": -2,
                            "health": -2,
                            "uni": -2
                        },
                        "response": "Намалят музиката, но продължаваш да я чуваш..."
                    },
                    {
                        "text": "Звъниш на портиера",
                        "statsChange": {
                            "fun": 3,
                            "health": 0,
                            "uni": 3
                        },
                        "response": "Портиерът заплашва компанията горе, че ще извика полицията. Купонът свърши!"
                    }
                ]
            }
        ],
        "Игра на CS": [
            {
                "eventHeader": "Някой чука!",
                "eventNumber": 8,
                "event": "Докато разцъкваш се чува почукване на врата. Кой ли може да е това...",
                "options": [
                    {
                        "text": "Не ме вълнува",
                        "statsChange": {
                            "fun": 0,
                            "health": 0,
                            "uni": 0
                        },
                        "response": "Чукането не беше особено настоятелно - явно не е било нищо важно."
                    },
                    {
                        "text": "Любопитен съм",
                        "statsChange": {
                            "fun": 5,
                            "health": 3,
                            "uni": -2
                        },
                        "response": "Оказва се, че е яката съседка. Трябва й някой, който да й помогне да премести мебелите, и първо се е сетила за теб..."
                    }
                ]
            },
            {
                "eventHeader": "Беля!",
                "eventNumber": 9,
                "event": "Резултатът е 13:10, Dust2 и ти си първи в отбора си. Още 3 рунда и ще спечелите супер оспорваната игра. И в този момент се сещаш - та ти забрави кафеварката на котлона преди половин час!",
                "options": [
                    {
                        "text": "ФАААААК",
                        "statsChange": {
                            "fun": -6,
                            "health": -2,
                            "uni": 0
                        },
                        "response": "Забравяш за играта и скачаш веднага, но вече е късно! Преместваш кафеварката и през това време губите 2 рунда."
                    }
                ]
            }
        ],
        "Фитнес": [
            {
                "eventHeader": "Лафче!",
                "eventNumber": 10,
                "event": "Изненада - готината колежка от ФМИ ходи в същия фитнес като теб...",
                "options": [
                    {
                        "text": "Решаваш да я впечатлиш",
                        "statsChange": {
                            "fun": -8,
                            "health": -3,
                            "uni": 0
                        },
                        "response": "Пробваш се да вдигнеш 100 кг от лежанка, но ръцете ти омекват и се налага да те спасяват."
                    },
                    {
                        "text": "Гледаш си тренировката",
                        "statsChange": {
                            "fun": 2,
                            "health": 4,
                            "uni": 0
                        },
                        "response": "Ходиш на фитнес, за да тренираш, а не да зяпаш момичета."
                    }
                ]
            }
        ]
    },
    "Дискотеки": {
        "Illuzion": [
            {
                "eventHeader": "Затворено!",
                "eventNumber": 11,
                "event": "Отивате до Illuzion само за да видите, че е затворено...",
                "options": [
                    {
                        "text": "Ееее",
                        "statsChange": {
                            "fun": -4,
                            "health": 0,
                            "uni": 2
                        },
                        "response": "Днес пропусна, но поне утре сутрин няма да се събудиш с главоболие."
                    }
                ]
            }
        ],
        "EXE": [
            {
                "eventHeader": "Екстра!",
                "eventNumber": 12,
                "event": "Докато си почиваш в Chill Room-а, се запознаваш с разкрепостено момиче. Предлага ти да пробвате едни амфетки...",
                "options": [
                    {
                        "text": "Не съм толкова пиян",
                        "statsChange": {
                            "fun": -2,
                            "health": 2,
                            "uni": 0
                        },
                        "response": "Мацката те погледна разочаровано и си тръгна."
                    },
                    {
                        "text": "Охо, добре",
                        "statsChange": {
                            "fun": 15,
                            "health": -20,
                            "uni": -5
                        },
                        "response": "Ще има доста да разказваш за тази вечер..."
                    }
                ]
            }
        ]
    }
}