{
    "ФМИ": {
        "Посещаване на лекция": [
            {
                "eventHeader": "Известие!", 
                "eventNumber": 0,
                "event": "Получаваш известие на телефона...",
                "options": [
                    {
                        "text": "Поглеждаш го",
                        "statsChange": {
                            "fun": 5,
                            "health": 0,
                            "uni": -3
                        },
                        "response": "Разсея се и пропусна 10 минути от лекцията. Явно ще се взимат записки от колегите..."
                    },
                    {
                        "text": "Пренебрегваш го",
                        "statsChange": {
                            "fun": -4,
                            "health": 0,
                            "uni": 6
                        },
                        "response": "Най-вероятно съобщението не беше важно, но пък щеше да те разсее от теоремите."
                    }
                ]
            },
            {
                "eventHeader": "Предложение!",
                "eventNumber": 1,
                "event": "Приятелят ти ти предлага да пропуснете лекцията...",
                "options": [
                    {
                        "text": "Хайде!",
                        "statsChange": {
                            "fun": 4,
                            "health": -2,
                            "uni": -5
                        },
                        "response": "Тръгвате си от лекцията и отивате да ядете дюнери."
                    },
                    {
                        "text": "Ще поостана.",
                        "statsChange": {
                            "fun": -4,
                            "health": 0,
                            "uni": 4
                        },
                        "response": "Оставаш на лекцията. За малко да пукнеш от скука, но пък университетът е затова."
                    }
                ]
            },
            {
                "eventHeader": "Имате ли въпроси?",
                "eventNumber": 2,
                "event": "Проф. Каспарян пита дали има нужда да разясни написаното на 2-те дъски...",
                "options": [
                    {
                        "text": "Нищо не е ясно",
                        "statsChange": {
                            "fun": -6,
                            "health": -2,
                            "uni": 3
                        },
                        "response": "Решаваш се да попиташ проф. Каспарян. Еми пак не разбра!"
                    },
                    {
                        "text": "Всичко е ясно",
                        "statsChange": {
                            "fun": 2,
                            "health": 0,
                            "uni": -2
                        },
                        "response": "Само така си мислиш..."
                    }
                ]
            },
            {
                "eventHeader": "Неприятност!",
                "eventNumber": 3,
                "event": "Закъсняваш за лекция по ДСТР. Познавайки доц. Марков...",
                "options": [
                    {
                        "text": "Искам да слушам лекцията.",
                        "statsChange": {
                            "fun": -2,
                            "health": 0,
                            "uni": 5
                        },
                        "response": "Опитваш се да влезеш през задния вход на зала 325. Късмет - отключено е! Сядаш тихичко отзад - поне не те овикаха."
                    },
                    {
                        "text": "Като знам какво ме чака...",
                        "statsChange": {
                            "fun": 0,
                            "health": 2,
                            "uni": 0
                        },
                        "response": "Играеш на сигурно. Изчакваш междучасието."
                    }
                ]
            },
            {
                "eventHeader": "Неустоимо предложение!",
                "eventNumber": 4,
                "event": "Проф. Рибарска ти 'предлага' да излезеш на дъската.",
                "options": [
                    {
                        "text": "Излизаш",
                        "statsChange": {
                            "fun": -8,
                            "health": 0,
                            "uni": 8
                        },
                        "response": "Малко се поизпоти, но пък научи доказателството! Не че няма да го забравиш до сесията..."
                    },
                    {
                        "text": "Отказваш",
                        "statsChange": {
                            "fun": 0,
                            "health": -2,
                            "uni": -6
                        },
                        "response": "Проф. Рибарска се смее: 'На изпита няма да можете да ми откажете, колега...'"
                    }
                ]
            }
        ],
        "Посещаване на упражнение": [
            {
                "eventHeader": "Ами сега?!",
                "eventNumber": 5,
                "event": "Асистентът предлага някой да излезе на дъската да реши задачата...",
                "options": [
                    {
                        "text": "Излизам",
                        "statsChange": {
                            "fun": -2,
                            "health": -2,
                            "uni": 3
                        },
                        "response": "Излизаш и в крайна сметка успяваш да решиш задачката."
                    },
                    {
                        "text": "Не излизам",
                        "statsChange": {
                            "fun": 0,
                            "health": 0,
                            "uni": -2
                        },
                        "response": "Никой не се престрашава. Асистентът въздиша тежко и сам си решава задачата."
                    }
                ]
            },
            {
                "eventHeader": "Свиквай!",
                "eventNumber": 6,
                "event": "Асистентът закъснява вече 15 минути...",
                "options": [
                    {
                        "text": "Бива, бива, ама...",
                        "statsChange": {
                            "fun": 2,
                            "health": 0,
                            "uni": -2
                        },
                        "response": "Решаваш, че няма смисъл да го чакаш, и отиваш да изиграеш един шах в зала 100."
                    },
                    {
                        "text": "Ще го изчакам",
                        "statsChange": {
                            "fun": -2,
                            "health": 0,
                            "uni": 2
                        },
                        "response": "Правилно решение - след 2 минути най-накрая се появи. Разбира се, за сметка на това ви задържа..."
                    }
                ]
            },
            {
                "eventHeader": "Свиквай!",
                "eventNumber": 7,
                "event": "'Колеги, няма да правим почивка, и без това не стига времето...'",
                "options": [
                    {
                        "text": "Ще изляза за малко.",
                        "statsChange": {
                            "fun": 4,
                            "health": 2,
                            "uni": -3
                        },
                        "response": "Никой не те е вързал. Ставаш и си правиш разходка. Асистентът го запомни!"
                    },
                    {
                        "text": "Поне е интересно.",
                        "statsChange": {
                            "fun": -1,
                            "health": -1,
                            "uni": 3
                        },
                        "response": "Упражнението обаче наистина си струва. Май ти се отдавали тези работи."
                    }
                ]
            }
        ],
        "Игри в зала 100": [
            {
                "eventHeader": "Напомняне!",
                "eventNumber": 8,
                "event": "По средата на играта се сещаш, че имаш лекция след 5 минути...",
                "options": [
                    {
                        "text": "Офф, отивам",
                        "statsChange": {
                            "fun": -4,
                            "health": -1,
                            "uni": 3
                        },
                        "response": "Втора седмица си вече - научи си графика!"
                    },
                    {
                        "text": "Ще вляза втория час",
                        "statsChange": {
                            "fun": 3,
                            "health": 0,
                            "uni": -3
                        },
                        "response": "Речено-сторено. Влизаш втория час, но вече си изпуснал началото и нямаш представа какво се случва."
                    }
                ]
            },
            {
                "eventHeader": "Несериозно!",
                "eventNumber": 9,
                "event": "Отговорникът на зала 100 казва на всички да се омитат, имал си работа...",
                "options": [
                    {
                        "text": "Е стига де!",
                        "statsChange": {
                            "fun": -3,
                            "health": -1,
                            "uni": 0
                        },
                        "response": "Нямаш особен избор, но запазваш самообладание."
                    },
                    {
                        "text": "Майка ти $@!#?!",
                        "statsChange": {
                            "fun": -5,
                            "health": 2,
                            "uni": 0
                        },
                        "response": "Учудващо, но отговорникът не се впечатли особено от вулгарния ти език."
                    }
                ]
            }
        ]
    },
    "Общежитие": {
        "Учене": [
            {
                "eventHeader": "Предложение!",
                "eventNumber": 10,
                "event": "Приятелите ти ти предлагат да поиграете CS...",
                "options": [
                    {
                        "text": "Може една бърза...",
                        "statsChange": {
                            "fun": 5,
                            "health": -3,
                            "uni": -3
                        },
                        "response": "'Едната бърза' става на две, после на три... последно поглеждаш часовника в 2 часа сутринта."
                    },
                    {
                        "text": "Хайде по-късно",
                        "statsChange": {
                            "fun": -2,
                            "health": 3,
                            "uni": 5
                        },
                        "response": "Вместо да играеш, отдаваш предимство на ученето. Евала!"
                    }
                ]
            },
            {
                "eventHeader": "Предложение!",
                "eventNumber": 11,
                "event": "Съквартирантът ти пише, че на съседите им трябва четвърти човек за белот...",
                "options": [
                    {
                        "text": "Сега ще поуча",
                        "statsChange": {
                            "fun": 0,
                            "health": -2,
                            "uni": 2
                        },
                        "response": "Предпочиташ да си прочетеш лекцията. What a legend!"
                    },
                    {
                        "text": "Малко почивка",
                        "statsChange": {
                            "fun": 4,
                            "health": 2,
                            "uni": -3
                        },
                        "response": "Ти и аверът ти оставихте комшиите капо!"
                    }
                ]
            },
            {
                "eventHeader": "Предложение!",
                "eventNumber": 12,
                "event": "Съквартирантът ти пише, че на съседите им трябва четвърти човек за белот...",
                "options": [
                    {
                        "text": "В момента съм зает",
                        "statsChange": {
                            "fun": 0,
                            "health": -2,
                            "uni": 2
                        },
                        "response": "Решаваш да си дочетеш записките, игрите могат да почакат..."
                    },
                    {
                        "text": "Айдеее",
                        "statsChange": {
                            "fun": 4,
                            "health": 2,
                            "uni": -2
                        },
                        "response": "Не беше играл белот от доста време. Размазаха ви."
                    }
                ]
            }
        ],
        "Игра на CS": [
            {
                "eventHeader": "Предложение!",
                "eventNumber": 13,
                "event": "съквартирантът ти предлага да отидеш с него на фитнес...",
                "options": [
                    {
                        "text": "Сега не мога, цъкам",
                        "statsChange": {
                            "fun": 2,
                            "health": -2,
                            "uni": 0
                        },
                        "response": "Трябва да се отлепяш по-често от екрана - само гниеш пред компютъра."
                    },
                    {
                        "text": "Всъщност защо не!",
                        "statsChange": {
                            "fun": -1,
                            "health": 3,
                            "uni": 0
                        },
                        "response": "След тренировката се чувстваш доста по-добре."
                    }
                ]
            }
        ]
    },
    "Дискотеки": {
        "Illuzion": [
            {
                "eventHeader": "Купонче!",
                "eventNumber": 14,
                "event": "Изпразнихте бутилката, аверите предлагат да вземете още една...",
                "options": [
                    {
                        "text": "Аре дай муууу!",
                        "statsChange": {
                            "fun": 3,
                            "health": -5,
                            "uni": -3
                        },
                        "response": "Утре ще ти се взриви главата, но майната му!"
                    },
                    {
                        "text": "Прекаляваме",
                        "statsChange": {
                            "fun": -4,
                            "health": 0,
                            "uni": 0
                        },
                        "response": "Излагаш се (поне утре няма да те цепи кратуната...)"
                    }
                ]
            }
        ]
    }
}