{
    "ФМИ": {
        "Посещаване на лекция": [
            {
                "eventHeader": "Известие!", 
                "eventNumber": 0,
                "event": "Получаваш известие на телефона...",
                "options": [
                    {
                        "text": "Поглеждаш го",
                        "statsChange": {
                            "fun": 4,
                            "health": 0,
                            "uni": -4
                        },
                        "response": "Разсея се и пропусна 10 минути от лекцията. Явно ще се взимат записки от колегите..."
                    },
                    {
                        "text": "Пренебрегваш го",
                        "statsChange": {
                            "fun": -4,
                            "health": 0,
                            "uni": 4
                        },
                        "response": "Най-вероятно съобщението не беше важно, но пък щеше да те разсее от теоремите."
                    }
                ]
            },
            {
                "eventHeader": "Първа лекция по Алгебра!",
                "eventNumber": 1,
                "event": "Първото впечатление за проф. Каспарян те подлъгва. Едва започна лекцията, а тя вече е изписала една дъска с комплексни формули...",
                "options": [
                    {
                        "text": "Решавам да слушам",
                        "statsChange": {
                            "fun": -4,
                            "health": 0,
                            "uni": 1
                        },
                        "response": "Заряза записките - после ще ги вземеш от някой колега. Поне да се опиташ да разбереш нещо..."
                    },
                    {
                        "text": "Решавам да си записвам",
                        "statsChange": {
                            "fun": -2,
                            "health": -2,
                            "uni": 1
                        },
                        "response": "Изобщо не ти е ясно какво пишеш. Казваш си, че после ще четеш внимателно..."
                    }
                ]
            },
            {
                "eventHeader": "Първа лекция по ДСТР!",
                "eventNumber": 2,
                "event": "С тоя човек шега не бива! Още с влизането си доц. Марков ви дава да разберете, че по неговия предмет няма 6-5 (буквално и преносно)!",
                "options": [
                    {
                        "text": "Всъщност ме кефи",
                        "statsChange": {
                            "fun": -3,
                            "health": 0,
                            "uni": 2
                        },
                        "response": "Въпреки строгостта на лектора, харесва ти отношението му към предмета!"
                    },
                    {
                        "text": "Ще хвърчат глави",
                        "statsChange": {
                            "fun": -3,
                            "health": -2,
                            "uni": 1
                        },
                        "response": "Още отсега тръгваш да търсиш другарче за преписване..."
                    }
                ]
            },
            {
                "eventHeader": "Първа лекция по ДИС1!",
                "eventNumber": 3,
                "event": "Пискливият глас на проф. Рибарска отеква в залата - почти нищо не се разбира...",
                "options": [
                    {
                        "text": "Следващия път ще седна отпред",
                        "statsChange": {
                            "fun": 0,
                            "health": -2,
                            "uni": 1
                        },
                        "response": "Оставаш на лекцията и се мъчиш като грешен дявол!"
                    },
                    {
                        "text": "Тази лекция май ще се пропуска",
                        "statsChange": {
                            "fun": -2,
                            "health": -2,
                            "uni": -2
                        },
                        "response": "И без това 'Диференциано и интегрално смятане' звучи много страшно..."
                    }
                ]
            },
            {
                "eventHeader": "Първа лекция по УП!",
                "eventNumber": 4,
                "event": "Първото впечатление от Нора е...",
                "options": [
                    {
                        "text": "Свежо",
                        "statsChange": {
                            "fun": 2,
                            "health": 0,
                            "uni": 2
                        },
                        "response": "Най-накрая млад преподавател. Настроен си оптимистично."
                    },
                    {
                        "text": "Съмнително",
                        "statsChange": {
                            "fun": -2,
                            "health": 0,
                            "uni": 1
                        },
                        "response": "Малко се престарава с лигавенето..."
                    }
                ]
            }
        ],
        "Посещаване на упражнение": [
            {
                "eventHeader": "Свиквай!",
                "eventNumber": 5,
                "event": "Асистентът закъснява вече 15 минути...",
                "options": [
                    {
                        "text": "Бива, бива, ама...",
                        "statsChange": {
                            "fun": -2,
                            "health": 0,
                            "uni": -2
                        },
                        "response": "Решаваш, че няма смисъл да го чакаш, и отиваш да изиграеш една табла в зала 100."
                    },
                    {
                        "text": "Ще го изчакам",
                        "statsChange": {
                            "fun": -4,
                            "health": -2,
                            "uni": 0
                        },
                        "response": "Оставаш да чакаш, но асистентът така и не се появява, просто си изгуби времето."
                    }
                ]
            },
            {
                "eventHeader": "Скука!",
                "eventNumber": 6,
                "event": "Монотонния глас на асистента те унася...",
                "options": [
                    {
                        "text": "Ще дремна набързо",
                        "statsChange": {
                            "fun": 0,
                            "health": 2,
                            "uni": -3
                        },
                        "response": "Голям срам! Проспа упражнението!"
                    },
                    {
                        "text": "Мъча се да слушам",
                        "statsChange": {
                            "fun": -3,
                            "health": -1,
                            "uni": 2
                        },
                        "response": "Нищо не разбра от упражнението. Трябва да си лягаш по-рано вече..."
                    }
                ]
            }
        ],
        "Игри в зала 100": [
            {
                "eventHeader": "Напомняне!",
                "eventNumber": 7,
                "event": "Изведнъж се сеташ, че имаш домашно, което трябва да предадеш до довечера...",
                "options": [
                    {
                        "text": "Пишеш домашното на 5-тия етаж",
                        "statsChange": {
                            "fun": -5,
                            "health": -1,
                            "uni": 3
                        },
                        "response": "Прекъсваш си Катан сесията, но поне приключваш домашната работа."
                    },
                    {
                        "text": "Отлагаш го за по-късно",
                        "statsChange": {
                            "fun": 5,
                            "health": 1,
                            "uni": -4
                        },
                        "response": "Решаваш да продължиш да играеш Катан и естествено забравяш, че изобщо си имал домашно."
                    }
                ]
            }
        ]
    },
    "Общежитие": {
        "Учене": [
            {
                "eventHeader": "Предложение!",
                "eventNumber": 8,
                "event": "Приятелите ти ти предлагат да поиграете CS...",
                "options": [
                    {
                        "text": "Може една бърза...",
                        "statsChange": {
                            "fun": 5,
                            "health": -3,
                            "uni": -3
                        },
                        "response": "'Едната бърза' става на две, после на три... последно поглеждаш часовника в 2 часа сутринта."
                    },
                    {
                        "text": "Хайде по-късно",
                        "statsChange": {
                            "fun": -2,
                            "health": 3,
                            "uni": 5
                        },
                        "response": "Вместо да играеш, отдаваш предимство на ученето. Евала!"
                    }
                ]
            },
            {
                "eventHeader": "Програмиране 101!",
                "eventNumber": 9,
                "event": "След първото си занятие по програмиране трябва да си припомниш някои неща...",
                "options": [
                    {
                        "text": "Ще погледам в YouTube",
                        "statsChange": {
                            "fun": 0,
                            "health": 0,
                            "uni": 5
                        },
                        "response": "Нищо не им се разбира на тези индийци, но пък C++ трябва да се учи."
                    },
                    {
                        "text": "Ще почета малко от лекциите",
                        "statsChange": {
                            "fun": -4,
                            "health": 0,
                            "uni": 2
                        },
                        "response": "Май беше по-добре да погледаш в YouTube..."
                    }
                ]
            }
        ],
        "Игра на CS": [
            {
                "eventHeader": "Предложение!",
                "eventNumber": 10,
                "event": "Съквартирантът ти пише, че на съседите им трябва четвърти човек за белот...",
                "options": [
                    {
                        "text": "В момента съм зает",
                        "statsChange": {
                            "fun": 2,
                            "health": -2,
                            "uni": 0
                        },
                        "response": "Вместо да се запознаеш с хората в съседната стая, решаваш да си довършиш играта."
                    },
                    {
                        "text": "Добре, идвам",
                        "statsChange": {
                            "fun": 4,
                            "health": 0,
                            "uni": 0
                        },
                        "response": "Не беше играл белот от доста време. Размазаха ви."
                    }
                ]
            }
        ]
    }
}