{
    "ФМИ": {
        "Лекция": [
            {
                "eventHeader": "Известие!", 
                "event": "Получаваш известие на телефона...",
                "options": [
                    {
                        "text": "Поглеждаш го",
                        "statsChange": {
                            "fun": 1,
                            "health": 0,
                            "uni": -1
                        },
                        "response": "Разсея се и пропусна 10 минути от лекцията. Явно ще се взимат записки от колегите..."
                    },
                    {
                        "text": "Пренебрегваш го",
                        "statsChange": {
                            "fun": -1,
                            "health": 0,
                            "uni": 1
                        },
                        "response": "Най-вероятно съобщението не беше важно, но пък щеше да те разсее от теоремите."
                    }
                ]
            },
            {
                "eventHeader": "Неустоимо предложение!",
                "event": "Проф. Рибарска ти 'предлага' да излезеш на дъската.",
                "options": [
                    {
                        "text": "Излизаш",
                        "statsChange": {
                            "fun": -2,
                            "health": 0,
                            "uni": 2
                        },
                        "response": "Малко се поизпоти, но пък научи доказателството! Не че няма да го забравиш до сесията..."
                    },
                    {
                        "text": "Отказваш",
                        "statsChange": {
                            "fun": 0,
                            "health": 0,
                            "uni": -1
                        },
                        "response": "Проф. Рибарска се смее: 'На изпита няма да можете да ми откажете, колега...'"
                    }
                ]
            },
            {
                "eventHeader": "Предложение!",
                "event": "Приятелят ти ти предлага да пропуснете лекцията...",
                "options": [
                    {
                        "text": "Хайде!",
                        "statsChange": {
                            "fun": 2,
                            "health": -1,
                            "uni": -1
                        },
                        "response": "Тръгвате си от лекцията и отивате да ядете дюнери."
                    },
                    {
                        "text": "Ще поостана.",
                        "statsChange": {
                            "fun": -2,
                            "health": 0,
                            "uni": 2
                        },
                        "response": "Оставаш на лекцията. За малко да пукнеш от скука, но пък университетът е затова."
                    }
                ]
            }
        ],
        "Упражнение": [
            {
                "event": "Асистентът закъснява вече 15 минути...",
                "options": [
                    {
                        "text": "'Бива, бива, ама...'",
                        "statsChange": {
                            "fun": 1,
                            "health": 0,
                            "uni": 0
                        },
                        "response": "Решаваш, че няма смисъл да го чакаш, и отиваш да изиграеш една табла в зала 100."
                    },
                    {
                        "text": "'Ще го изчакам.'",
                        "statsChange": {
                            "fun": -2,
                            "health": 0,
                            "uni": 0
                        },
                        "response": "Оставаш да чакаш, но асистентът така и не се появява, просто си изгуби времето."
                    }
                ]
            }
        ],
        "зала 100": [
            {
                "eventHeader": "Напомняне!",
                "event": "Изведнъж се сеташ, че имаш домашно, което трябва да предадеш до довечера...",
                "options": [
                    {
                        "text": "Пишеш домашното на 5-тия етаж",
                        "statsChange": {
                            "fun": -1,
                            "health": 0,
                            "uni": 1
                        },
                        "response": "Прекъсващ си Катан сесията, но поне приключваш домашната работа."
                    },
                    {
                        "text": "Отлагаш го за по-късно",
                        "statsChange": {
                            "fun": 1,
                            "health": 0,
                            "uni": -1
                        },
                        "response": "Решаваш да продължиш да играеш Катан, след което забравяш, че изобщо си имал домашно."
                    }
                ]
            }
        ]
    },
    "Общежитие": {
        "Учене": [
            {
                "eventHeader": "Предложение!",
                "event": "Приятелите ти ти предлагат да поиграете CS...",
                "options": [
                    {
                        "text": "'Хайде да врътнем една бърза игра'",
                        "statsChange": {
                            "fun": 2,
                            "health": 0,
                            "uni": -2
                        },
                        "response": "'Едната бърза' се разтегли и, разбира се, не беше една... последно поглеждаш часовника в 2 часа сутринта."
                    },
                    {
                        "text": "'Хайде по-късно'",
                        "statsChange": {
                            "fun": -2,
                            "health": 0,
                            "uni": 2
                        },
                        "response": "Вместо да играеш, отдаде предимство на ученето. Евала!"
                    }
                ]
            }
        ],
        "Игра": [
            {
                "eventHeader": "Предложение!",
                "event": "Съквартирантът ти пише, че на съседите им трябва четвърти човек за белот...",
                "options": [
                    {
                        "text": "'Не мога, в момента съм зает'",
                        "statsChange": {
                            "fun": 2,
                            "health": -2,
                            "uni": 0
                        },
                        "response": "Вместо да се запознаеш с хората в съседната стая, решаваш да си довършиш играта."
                    },
                    {
                        "text": "' Добре, идвам'",
                        "statsChange": {
                            "fun": 1,
                            "health": 0,
                            "uni": 0
                        },
                        "response": "Не беше играл белот от доста време. Размазаха ви."
                    }
                ]
            }
        ]
    }
}