{
    "общак": [
        {
            "event": "играй цс",
            "statsChange": {
                "fun": 1,
                "health": -0.5,
                "uni": -0.5
            }
        },
        {
            "event": "учи",
            "statsChange": {
                "fun": -1,
                "health": 0,
                "uni": 1
            }
        },
        {
            "event": "играй белот",
            "statsChange": {
                "fun": 1,
                "health": 0,
                "uni": 0
            }
        }
    ],
    "ФМИ": [
        {
            "event": "посети лекция",
            "statsChange": {
                "fun": -2,
                "health": 0,
                "uni": 2
            }
        },
        {
            "event": "посети упражнение",
            "statsChange": {
                "fun": -1,
                "health": 0,
                "uni": 2
            }
        },
        {
            "event": "играй бордови в зала 100",
            "statsChange": {
                "fun": 1,
                "health": 0,
                "uni": 0
            }
        },
        {
            "event": "учи на петия етаж",
            "statsChange": {
                "fun": 0,
                "health": 0,
                "uni": 1
            }
        }
    ],
    "дискотеки": [
        {
            "event": "Illuzion",
            "statsChange": {
                "fun": 3,
                "health": -2,
                "uni": -2
            }
        }
    ]
}