{
    "ФМИ": {
        "лекция": [
            {
                "event": "получи notification на тела",
                "options": [
                    {
                        "text": "погледни го",
                        "statsChange": {
                            "fun": 1,
                            "health": 0,
                            "uni": -1
                        },
                        "response": "разсея се и пропусна 10 минути от лекцията"
                    },
                    {
                        "text": "игнорирай го",
                        "statsChange": {
                            "fun": -1,
                            "health": 0,
                            "uni": 1
                        },
                        "response": "едва ли е било толкова важно, но щеше да е яка почивка от тея теореми..."
                    }
                ]
            },
            {
                "event": "Закъсняваш за лекцията по Дискретни Структури",
                "options": [
                    {
                        "text": "влез въпреки това",
                        "statsChange": {
                            "fun": -2,
                            "health": 0,
                            "uni": 1
                        },
                        "response": "Марков ти се скара пред целия поток, защото много пъти е казвал закъсняващи да не влизат през предния вход"
                    },
                    {
                        "text": "влез следващия час просто",
                        "statsChange": {
                            "fun": 0,
                            "health": -1,
                            "uni": -1
                        },
                        "response": "отиде до аванти и си купи едно хелче да убиеш малко време"
                    }
                ]
            }
        ],
        "упражнение": [
            {
                "event": "Асистента предлага някой да излезе на дъската да реши нещо",
                "options": [
                    {
                        "text": "излез",
                        "statsChange": {
                            "fun": 0,
                            "health": 0,
                            "uni": 1
                        },
                        "response": "излезе и в крайна сметка успя да го решиш"
                    },
                    {
                        "text": "'не мога да го реша тва аз'",
                        "statsChange": {
                            "fun": 0,
                            "health": 0,
                            "uni": 0
                        },
                        "response": "никой не излезе на дъската и асистента си го реши сам"
                    }
                ]
            }
        ],
        "зала 100": [
            {
                "event": "изведнъж се сети, че имаш домашно което трябва да предадеш до довечера",
                "options": [
                    {
                        "text": "премести се на петия етаж и го направи",
                        "statsChange": {
                            "fun": -1,
                            "health": 0,
                            "uni": 1
                        },
                        "response": "прекъсна си Катан сесията, но поне свърши с тва домашно"
                    },
                    {
                        "text": "отложи го за по-късно",
                        "statsChange": {
                            "fun": 1,
                            "health": 0,
                            "uni": -1
                        },
                        "response": "реши да продължиш да играеш Катан, естествено след това забрави, че въобще имаш домашно"
                    }
                ]
            }
        ]
    },
    "общак": {
        "учи": [
            {
                "event": "аверите ти писаха за един цс",
                "options": [
                    {
                        "text": "'хуу аре може един дъст2'",
                        "statsChange": {
                            "fun": 2,
                            "health": 0,
                            "uni": -2
                        },
                        "response": "освен един дъст2, направихте и един мираж, един трейн и едно инферно, без да си усетил вече е 2 часа сутринта"
                    },
                    {
                        "text": "ше дойда по-късно за една",
                        "statsChange": {
                            "fun": -2,
                            "health": 0,
                            "uni": 2
                        },
                        "response": "вместо да поцъкаш реши да продължиш да учиш. Евалата"
                    }
                ]
            },
            {
                "event": "съквартиранта ти пише - у съседите е, трябва им четвърти за белот",
                "options": [
                    {
                        "text": "'ее имам да уча сега'",
                        "statsChange": {
                            "fun": 0,
                            "health": 0,
                            "uni": 1
                        },
                        "response": "продължи да си четеш лекцията. Луд си"
                    },
                    {
                        "text": "'хуу аре, малко почивка'",
                        "statsChange": {
                            "fun": 1,
                            "health": 0,
                            "uni": -1
                        },
                        "response": "ти и авера оставихте комшиите капо"
                    }
                ]
            }
        ],
        "цъка": [
            {
                "event": "съквартиранта ти предлага да отидеш с него на фитнес",
                "options": [
                    {
                        "text": "сори брат, в игра съм",
                        "statsChange": {
                            "fun": 2,
                            "health": -2,
                            "uni": 0
                        },
                        "response": "вместо да се раздвижиш малко, реши да продължиш да гниеш пред компа"
                    },
                    {
                        "text": "'аре, няя да е зле да се раздвижа малко'",
                        "statsChange": {
                            "fun": 0,
                            "health": 2,
                            "uni": 0
                        },
                        "response": "нацепи се и сега се чувстваш по-добре"
                    }
                ]
            }
        ]
    },
    "дискотеки": {
        "Illuzion": [
            {
                "event": "бутилката ви свърши, аверите предлагат да вземете още една",
                "options": [
                    {
                        "text": "аре даймууууууууу",
                        "statsChange": {
                            "fun": 2,
                            "health": -2,
                            "uni": 0
                        },
                        "response": "утре мн здраво ще те цепи главата"
                    },
                    {
                        "text": "не",
                        "statsChange": {
                            "fun": 0,
                            "health": 0,
                            "uni": 0
                        },
                        "response": "излагаш се (поне утре няя си много зле)"
                    }
                ]
            }
        ]
    }
}