{
    "Общежитие": [
        {
            "event": "Игра на CS:GO",
            "statsChange": {
                "fun": 1,
                "health": -0.5,
                "uni": -0.5
            }
        },
        {
            "event": "Учене",
            "statsChange": {
                "fun": -1,
                "health": 0,
                "uni": 1
            }
        }
    ],
    "ФМИ": [
        {
            "event": "Посещаване на  лекция",
            "statsChange": {
                "fun": -1,
                "health": 0,
                "uni": 2
            }
        },
        {
            "event": "Посещаване на упражнение",
            "statsChange": {
                "fun": 0,
                "health": 0,
                "uni": 1
            }
        },
        {
            "event": "Игри в зала 100",
            "statsChange": {
                "fun": 1,
                "health": 0,
                "uni": 0
            }
        }
    ]
}